{
"danceability": [1.30101656914],
"MIDIduration": [[0.417959183455, 0.394739240408, 0.417959183455, 
    0.417959183455, 0.18575963378, 0.348299324512, 0.18575963378, 
    0.441179126501, 0.232199549675, 0.162539675832, 0.417959183455,
    0.325079351664, 0.18575963378, 0.162539675832, 0.325079351664,
    0.208979591727, 0.394739240408, 0.0928798168898, 0.441179126501, 
    0.46439909935, 0.0928798168898, 0.0928798168898, 0.417959183455, 
    0.18575963378, 0.139319732785, 0.0464399084449, 0.0928798168898, 
    0.0696598663926, 0.0696598663926, 0.0464399084449, 0.0928798168898,
    0.18575963378, 0.27863946557, 0.0696598663926, 0.301859408617, 
    0.46439909935, 0.139319732785, 0.487619042397, 0.208979591727, 
    0.232199549675, 0.348299324512, 0.371519267559]],
"MIDIpitch": [[61, 54, 52, 52, 59, 61, 56, 54, 54, 52, 
    54, 56, 57, 68, 54, 59, 52, 69, 56, 54, 69, 59, 
    61, 59, 52, 52, 52, 68, 59, 59, 56, 61, 49, 54, 
    54, 59, 57, 54, 59, 57, 54, 52]],
"beat-loudness": [[0.0557932071388, 0.0851217210293, 0.0341169461608,
    0.0987606793642, 0.0701386258006, 0.0399782434106, 0.0263966526836, 
    0.0668064802885, 0.0539700165391, 0.131807893515, 0.04552205652, 
    0.0234976857901, 0.0436433628201, 0.0555139258504, 0.0538597851992, 
    0.104150697589, 0.0660715848207, 0.0754999443889, 0.0776591747999, 
    0.0298765841872, 0.0485228709877, 0.0946778208017, 0.0897245928645, 
    0.116816475987, 0.0643577575684, 0.0398028790951, 0.0646038576961, 
    0.0697958692908, 0.0234383530915, 0.0355191603303, 0.0785242915154, 
    0.0786033719778]],
"beats": [[0.476009070873, 0.940408170223, 1.39319729805, 1.84598636627, 
    2.29877543449, 2.76317453384, 3.22757363319, 3.66875267029, 4.12154197693,
    4.57433080673, 5.02712011337, 5.4915189743, 5.94430828094, 6.39709758759,
    6.84988641739, 7.30267572403, 7.75546455383, 8.20825386047, 8.67265319824,
    9.14866161346, 9.682721138, 10.2167797089, 10.7043991089, 11.1687984467, 
    11.6215867996, 12.0743761063, 12.5271654129, 12.9915647507, 13.4443531036,
    13.8971424103, 14.3499317169, 14.8027210236]],
"pitch": [[0, 0, 278.791015625, 277.185272217, 278.791015625, 277.185272217,
    277.185272217, 277.185272217, 277.185272217, 277.185272217, 277.185272217,
    277.185272217, 277.185272217, 277.185272217, 277.185272217, 277.185272217,
    277.185272217, 277.185272217, 277.185272217, 277.185272217, 278.791015625,
    186.070220947, 183.933013916, 184.998535156, 184.998535156, 184.998535156,
    184.998535156, 184.998535156, 184.998535156, 184.998535156, 184.998535156,
    184.998535156, 184.998535156, 184.998535156, 184.998535156, 184.998535156,
    184.998535156, 184.998535156, 184.998535156, 183.933013916, 161.983413696,
    167.695770264, 164.814849854, 165.769622803, 164.814849854, 163.865585327,
    164.814849854, 163.865585327, 165.769622803, 163.865585327, 164.814849854,
    164.814849854, 164.814849854, 164.814849854, 164.814849854, 164.814849854,
    164.814849854, 164.814849854, 164.814849854, 164.814849854, 0, 0, 0, 0, 0, 
    0, 0, 0, 0, 0, 163.865585327, 164.814849854, 164.814849854, 165.769622803, 
    163.865585327, 164.814849854, 164.814849854, 164.814849854, 163.865585327, 
    167.695770264, 163.865585327, 165.769622803, 164.814849854, 163.865585327, 
    164.814849854, 164.814849854, 164.814849854, 164.814849854, 164.814849854, 
    0, 249.813217163, 248.37437439, 246.943847656, 246.943847656, 248.37437439,
    246.943847656, 246.943847656, 246.943847656, 248.37437439, 280.406036377, 
    270.854309082, 277.185272217, 280.406036377, 277.185272217, 275.588806152,
    278.791015625, 278.791015625, 277.185272217, 277.185272217, 278.791015625,
    277.185272217, 277.185272217, 277.185272217, 277.185272217, 277.185272217,
    277.185272217, 202.911117554, 202.911117554, 199.425216675, 206.457977295, 
    207.653991699, 207.653991699, 207.653991699, 207.653991699, 207.653991699, 
    207.653991699, 186.070220947, 183.933013916, 179.731948853, 188.232269287, 
    183.933013916, 184.998535156, 184.998535156, 184.998535156, 184.998535156, 
    184.998535156, 184.998535156, 184.998535156, 184.998535156, 184.998535156, 
    184.998535156, 184.998535156, 184.998535156, 184.998535156, 184.998535156, 
    184.998535156, 184.998535156, 0, 0, 0, 0, 0, 0, 0, 0, 0, 0, 0, 0, 0, 0, 0, 
    0, 0, 0, 0, 0, 0, 0, 0, 0, 0, 0, 0, 0, 0, 0, 183.933013916, 184.998535156, 
    184.998535156, 184.998535156, 184.998535156, 184.998535156, 184.998535156, 
    184.998535156, 184.998535156, 184.998535156, 182.873641968, 166.729919434, 
    162.921783447, 167.695770264, 162.921783447, 167.695770264, 162.921783447, 
    166.729919434, 163.865585327, 164.814849854, 184.998535156, 186.070220947, 
    183.933013916, 186.070220947, 183.933013916, 184.998535156, 183.933013916, 
    184.998535156, 183.933013916, 184.998535156, 184.998535156, 184.998535156, 
    184.998535156, 184.998535156, 186.070220947, 186.070220947, 184.998535156, 
    184.998535156, 186.070220947, 183.933013916, 0, 0, 0, 0, 0, 0, 0, 0, 0, 
    208.856918335, 210.066818237, 207.653991699, 207.653991699, 207.653991699, 
    207.653991699, 207.653991699, 207.653991699, 208.856918335, 208.856918335, 
    208.856918335, 208.856918335, 208.856918335, 207.653991699, 207.653991699, 
    0, 0, 0, 0, 0, 0, 0, 0, 0, 0, 0, 0, 0, 0, 0, 221.276260376, 220.001815796, 
    220.001815796, 220.001815796, 221.276260376, 220.001815796, 220.001815796, 
    220.001815796, 220.001815796, 415.309661865, 420.135345459, 415.309661865, 
    420.135345459, 415.309661865, 420.135345459, 415.309661865, 415.309661865, 
    417.715545654, 0, 182.873641968, 187.148132324, 186.070220947, 184.998535156, 
    183.933013916, 182.873641968, 184.998535156, 186.070220947, 186.070220947, 
    188.232269287, 184.998535156, 184.998535156, 184.998535156, 206.457977295, 
    208.856918335, 0, 0, 0, 0, 0, 0, 0, 0, 0, 0, 0, 0, 0, 0, 0, 248.37437439, 
    248.37437439, 246.943847656, 246.943847656, 246.943847656, 248.37437439, 
    246.943847656, 246.943847656, 246.943847656, 249.813217163, 164.814849854, 
    162.921783447, 164.814849854, 163.865585327, 163.865585327, 163.865585327, 
    163.865585327, 164.814849854, 162.921783447, 164.814849854, 163.865585327, 
    164.814849854, 163.865585327, 162.921783447, 164.814849854, 162.921783447, 
    164.814849854, 162.921783447, 164.814849854, 440.005401611, 442.554351807, 
    440.005401611, 440.005401611, 440.005401611, 442.554351807, 0, 0, 0, 0, 0, 
    0, 0, 0, 0, 0, 0, 0, 0, 202.911117554, 208.856918335, 206.457977295, 
    207.653991699, 207.653991699, 208.856918335, 208.856918335, 208.856918335, 
    208.856918335, 208.856918335, 207.653991699, 207.653991699, 207.653991699, 
    207.653991699, 207.653991699, 207.653991699, 207.653991699, 207.653991699, 
    207.653991699, 208.856918335, 186.070220947, 184.998535156, 184.998535156, 
    183.933013916, 184.998535156, 183.933013916, 183.933013916, 184.998535156, 
    184.998535156, 184.998535156, 184.998535156, 184.998535156, 184.998535156, 
    184.998535156, 184.998535156, 184.998535156, 184.998535156, 184.998535156, 
    183.933013916, 184.998535156, 184.998535156, 184.998535156, 0, 0, 0, 0, 0, 
    0, 0, 442.554351807, 440.005401611, 437.471160889, 445.11807251, 
    214.976928711, 241.303604126, 242.701477051, 244.107421875, 245.521530151, 
    248.37437439, 245.521530151, 277.185272217, 270.854309082, 278.791015625, 
    280.406036377, 275.588806152, 275.588806152, 278.791015625, 278.791015625, 
    277.185272217, 277.185272217, 277.185272217, 277.185272217, 277.185272217, 
    277.185272217, 277.185272217, 277.185272217, 277.185272217, 277.185272217, 
    272.423370361, 277.185272217, 245.521530151, 248.37437439, 248.37437439, 
    246.943847656, 246.943847656, 248.37437439, 246.943847656, 246.943847656, 
    245.521530151, 248.37437439, 166.729919434, 166.729919434, 166.729919434, 
    165.769622803, 166.729919434, 165.769622803, 165.769622803, 165.769622803, 
